"","Pclass","Sex","Age","SibSp","Parch","Fare","Survived","Embarked"
"1",3,"male",22,1,0,7.25,0,"S"
"2",1,"female",38,1,0,71.2833,1,"C"
"3",3,"female",26,0,0,7.925,1,"S"
"4",1,"female",35,1,0,53.1,1,"S"
"5",3,"male",35,0,0,8.05,0,"S"
"6",3,"male",21,0,0,8.4583,0,"Q"
"7",1,"male",54,0,0,51.8625,0,"S"
"8",3,"male",2,3,1,21.075,0,"S"
"9",3,"female",27,0,2,11.1333,1,"S"
"10",2,"female",14,1,0,30.0708,1,"C"
"11",3,"female",4,1,1,16.7,1,"S"
"12",1,"female",58,0,0,26.55,1,"S"
"13",3,"male",20,0,0,8.05,0,"S"
"14",3,"male",39,1,5,31.275,0,"S"
"15",3,"female",14,0,0,7.8542,0,"S"
"16",2,"female",55,0,0,16,1,"S"
"17",3,"male",2,4,1,29.125,0,"Q"
"18",2,"male",34,0,0,13,1,"S"
"19",3,"female",31,1,0,18,0,"S"
"20",3,"female",18,0,0,7.225,1,"C"
"21",2,"male",35,0,0,26,0,"S"
"22",2,"male",34,0,0,13,1,"S"
"23",3,"female",15,0,0,8.0292,1,"Q"
"24",1,"male",28,0,0,35.5,1,"S"
"25",3,"female",8,3,1,21.075,0,"S"
"26",3,"female",38,1,5,31.3875,1,"S"
"27",3,"male",30,0,0,7.225,0,"C"
"28",1,"male",19,3,2,263,0,"S"
"29",3,"female",26,0,0,7.8792,1,"Q"
"30",3,"male",33,0,0,7.8958,0,"S"
"31",1,"male",40,0,0,27.7208,0,"C"
"32",1,"female",23,1,0,146.5208,1,"C"
"33",3,"female",22,0,0,7.75,1,"Q"
"34",2,"male",66,0,0,10.5,0,"S"
"35",1,"male",28,1,0,82.1708,0,"C"
"36",1,"male",42,1,0,52,0,"S"
"37",3,"male",24,0,0,7.2292,1,"C"
"38",3,"male",21,0,0,8.05,0,"S"
"39",3,"female",18,2,0,18,0,"S"
"40",3,"female",14,1,0,11.2417,1,"C"
"41",3,"female",40,1,0,9.475,0,"S"
"42",2,"female",27,1,0,21,0,"S"
"43",3,"male",33,0,0,7.8958,0,"C"
"44",2,"female",3,1,2,41.5792,1,"C"
"45",3,"female",19,0,0,7.8792,1,"Q"
"46",3,"male",24,0,0,8.05,0,"S"
"47",3,"male",30,1,0,15.5,0,"Q"
"48",3,"female",22,0,0,7.75,1,"Q"
"49",3,"male",26,2,0,21.6792,0,"C"
"50",3,"female",18,1,0,17.8,0,"S"
"51",3,"male",7,4,1,39.6875,0,"S"
"52",3,"male",21,0,0,7.8,0,"S"
"53",1,"female",49,1,0,76.7292,1,"C"
"54",2,"female",29,1,0,26,1,"S"
"55",1,"male",65,0,1,61.9792,0,"C"
"56",1,"male",40,0,0,35.5,1,"S"
"57",2,"female",21,0,0,10.5,1,"S"
"58",3,"male",28.5,0,0,7.2292,0,"C"
"59",2,"female",5,1,2,27.75,1,"S"
"60",3,"male",11,5,2,46.9,0,"S"
"61",3,"male",22,0,0,7.2292,0,"C"
"62",1,"female",38,0,0,80,1,"S"
"63",1,"male",45,1,0,83.475,0,"S"
"64",3,"male",4,3,2,27.9,0,"S"
"65",1,"male",45.5,0,0,27.7208,0,"C"
"66",3,"male",6,1,1,15.2458,1,"C"
"67",2,"female",29,0,0,10.5,1,"S"
"68",3,"male",19,0,0,8.1583,0,"S"
"69",3,"female",17,4,2,7.925,1,"S"
"70",3,"male",26,2,0,8.6625,0,"S"
"71",2,"male",32,0,0,10.5,0,"S"
"72",3,"female",16,5,2,46.9,0,"S"
"73",2,"male",21,0,0,73.5,0,"S"
"74",3,"male",26,1,0,14.4542,0,"C"
"75",3,"male",32,0,0,56.4958,1,"S"
"76",3,"male",25,0,0,7.65,0,"S"
"77",3,"male",33,0,0,7.8958,0,"S"
"78",3,"male",24,0,0,8.05,0,"S"
"79",2,"male",0.83,0,2,29,1,"S"
"80",3,"female",30,0,0,12.475,1,"S"
"81",3,"male",22,0,0,9,0,"S"
"82",3,"male",29,0,0,9.5,1,"S"
"83",3,"female",22,0,0,7.7875,1,"Q"
"84",1,"male",28,0,0,47.1,0,"S"
"85",2,"female",17,0,0,10.5,1,"S"
"86",3,"female",33,3,0,15.85,1,"S"
"87",3,"male",16,1,3,34.375,0,"S"
"88",3,"male",24,0,0,8.05,0,"S"
"89",1,"female",23,3,2,263,1,"S"
"90",3,"male",24,0,0,8.05,0,"S"
"91",3,"male",29,0,0,8.05,0,"S"
"92",3,"male",20,0,0,7.8542,0,"S"
"93",1,"male",46,1,0,61.175,0,"S"
"94",3,"male",26,1,2,20.575,0,"S"
"95",3,"male",59,0,0,7.25,0,"S"
"96",3,"male",24,0,0,8.05,0,"S"
"97",1,"male",71,0,0,34.6542,0,"C"
"98",1,"male",23,0,1,63.3583,1,"C"
"99",2,"female",34,0,1,23,1,"S"
"100",2,"male",34,1,0,26,0,"S"
"101",3,"female",28,0,0,7.8958,0,"S"
"102",3,"male",33,0,0,7.8958,0,"S"
"103",1,"male",21,0,1,77.2875,0,"S"
"104",3,"male",33,0,0,8.6542,0,"S"
"105",3,"male",37,2,0,7.925,0,"S"
"106",3,"male",28,0,0,7.8958,0,"S"
"107",3,"female",21,0,0,7.65,1,"S"
"108",3,"male",29,0,0,7.775,1,"S"
"109",3,"male",38,0,0,7.8958,0,"S"
"110",3,"female",19,1,0,24.15,1,"Q"
"111",1,"male",47,0,0,52,0,"S"
"112",3,"female",14.5,1,0,14.4542,0,"C"
"113",3,"male",22,0,0,8.05,0,"S"
"114",3,"female",20,1,0,9.825,0,"S"
"115",3,"female",17,0,0,14.4583,0,"C"
"116",3,"male",21,0,0,7.925,0,"S"
"117",3,"male",70.5,0,0,7.75,0,"Q"
"118",2,"male",29,1,0,21,0,"S"
"119",1,"male",24,0,1,247.5208,0,"C"
"120",3,"female",2,4,2,31.275,0,"S"
"121",2,"male",21,2,0,73.5,0,"S"
"122",3,"male",24,0,0,8.05,0,"S"
"123",2,"male",32.5,1,0,30.0708,0,"C"
"124",2,"female",32.5,0,0,13,1,"S"
"125",1,"male",54,0,1,77.2875,0,"S"
"126",3,"male",12,1,0,11.2417,1,"C"
"127",3,"male",51,0,0,7.75,0,"Q"
"128",3,"male",24,0,0,7.1417,1,"S"
"129",3,"female",5,1,1,22.3583,1,"C"
"130",3,"male",45,0,0,6.975,0,"S"
"131",3,"male",33,0,0,7.8958,0,"C"
"132",3,"male",20,0,0,7.05,0,"S"
"133",3,"female",47,1,0,14.5,0,"S"
"134",2,"female",29,1,0,26,1,"S"
"135",2,"male",25,0,0,13,0,"S"
"136",2,"male",23,0,0,15.0458,0,"C"
"137",1,"female",19,0,2,26.2833,1,"S"
"138",1,"male",37,1,0,53.1,0,"S"
"139",3,"male",16,0,0,9.2167,0,"S"
"140",1,"male",24,0,0,79.2,0,"C"
"141",3,"female",18,0,2,15.2458,0,"C"
"142",3,"female",22,0,0,7.75,1,"S"
"143",3,"female",24,1,0,15.85,1,"S"
"144",3,"male",19,0,0,6.75,0,"Q"
"145",2,"male",18,0,0,11.5,0,"S"
"146",2,"male",19,1,1,36.75,0,"S"
"147",3,"male",27,0,0,7.7958,1,"S"
"148",3,"female",9,2,2,34.375,0,"S"
"149",2,"male",36.5,0,2,26,0,"S"
"150",2,"male",42,0,0,13,0,"S"
"151",2,"male",51,0,0,12.525,0,"S"
"152",1,"female",22,1,0,66.6,1,"S"
"153",3,"male",55.5,0,0,8.05,0,"S"
"154",3,"male",40.5,0,2,14.5,0,"S"
"155",3,"male",22,0,0,7.3125,0,"S"
"156",1,"male",51,0,1,61.3792,0,"C"
"157",3,"female",16,0,0,7.7333,1,"Q"
"158",3,"male",30,0,0,8.05,0,"S"
"159",3,"male",33,0,0,8.6625,0,"S"
"160",3,"male",9,8,2,69.55,0,"S"
"161",3,"male",44,0,1,16.1,0,"S"
"162",2,"female",40,0,0,15.75,1,"S"
"163",3,"male",26,0,0,7.775,0,"S"
"164",3,"male",17,0,0,8.6625,0,"S"
"165",3,"male",1,4,1,39.6875,0,"S"
"166",3,"male",9,0,2,20.525,1,"S"
"167",1,"female",22,0,1,55,1,"S"
"168",3,"female",45,1,4,27.9,0,"S"
"169",1,"male",62,0,0,25.925,0,"S"
"170",3,"male",28,0,0,56.4958,0,"S"
"171",1,"male",61,0,0,33.5,0,"S"
"172",3,"male",4,4,1,29.125,0,"Q"
"173",3,"female",1,1,1,11.1333,1,"S"
"174",3,"male",21,0,0,7.925,0,"S"
"175",1,"male",56,0,0,30.6958,0,"C"
"176",3,"male",18,1,1,7.8542,0,"S"
"177",3,"male",4,3,1,25.4667,0,"S"
"178",1,"female",50,0,0,28.7125,0,"C"
"179",2,"male",30,0,0,13,0,"S"
"180",3,"male",36,0,0,0,0,"S"
"181",3,"female",9,8,2,69.55,0,"S"
"182",2,"male",47,0,0,15.05,0,"C"
"183",3,"male",9,4,2,31.3875,0,"S"
"184",2,"male",1,2,1,39,1,"S"
"185",3,"female",4,0,2,22.025,1,"S"
"186",1,"male",47,0,0,50,0,"S"
"187",3,"female",19,1,0,15.5,1,"Q"
"188",1,"male",45,0,0,26.55,1,"S"
"189",3,"male",40,1,1,15.5,0,"Q"
"190",3,"male",36,0,0,7.8958,0,"S"
"191",2,"female",32,0,0,13,1,"S"
"192",2,"male",19,0,0,13,0,"S"
"193",3,"female",19,1,0,7.8542,1,"S"
"194",2,"male",3,1,1,26,1,"S"
"195",1,"female",44,0,0,27.7208,1,"C"
"196",1,"female",58,0,0,146.5208,1,"C"
"197",3,"male",51,0,0,7.75,0,"Q"
"198",3,"male",42,0,1,8.4042,0,"S"
"199",3,"female",22,0,0,7.75,1,"Q"
"200",2,"female",24,0,0,13,0,"S"
"201",3,"male",28,0,0,9.5,0,"S"
"202",3,"male",9,8,2,69.55,0,"S"
"203",3,"male",34,0,0,6.4958,0,"S"
"204",3,"male",45.5,0,0,7.225,0,"C"
"205",3,"male",18,0,0,8.05,1,"S"
"206",3,"female",2,0,1,10.4625,0,"S"
"207",3,"male",32,1,0,15.85,0,"S"
"208",3,"male",26,0,0,18.7875,1,"C"
"209",3,"female",16,0,0,7.75,1,"Q"
"210",1,"male",40,0,0,31,1,"C"
"211",3,"male",24,0,0,7.05,0,"S"
"212",2,"female",35,0,0,21,1,"S"
"213",3,"male",22,0,0,7.25,0,"S"
"214",2,"male",30,0,0,13,0,"S"
"215",3,"male",25,1,0,7.75,0,"Q"
"216",1,"female",31,1,0,113.275,1,"C"
"217",3,"female",27,0,0,7.925,1,"S"
"218",2,"male",42,1,0,27,0,"S"
"219",1,"female",32,0,0,76.2917,1,"C"
"220",2,"male",30,0,0,10.5,0,"S"
"221",3,"male",16,0,0,8.05,1,"S"
"222",2,"male",27,0,0,13,0,"S"
"223",3,"male",51,0,0,8.05,0,"S"
"224",3,"male",33,0,0,7.8958,0,"S"
"225",1,"male",38,1,0,90,1,"S"
"226",3,"male",22,0,0,9.35,0,"S"
"227",2,"male",19,0,0,10.5,1,"S"
"228",3,"male",20.5,0,0,7.25,0,"S"
"229",2,"male",18,0,0,13,0,"S"
"230",3,"female",8,3,1,25.4667,0,"S"
"231",1,"female",35,1,0,83.475,1,"S"
"232",3,"male",29,0,0,7.775,0,"S"
"233",2,"male",59,0,0,13.5,0,"S"
"234",3,"female",5,4,2,31.3875,1,"S"
"235",2,"male",24,0,0,10.5,0,"S"
"236",3,"female",25,0,0,7.55,0,"S"
"237",2,"male",44,1,0,26,0,"S"
"238",2,"female",8,0,2,26.25,1,"S"
"239",2,"male",19,0,0,10.5,0,"S"
"240",2,"male",33,0,0,12.275,0,"S"
"241",3,"female",26,1,0,14.4542,0,"C"
"242",3,"female",19,1,0,15.5,1,"Q"
"243",2,"male",29,0,0,10.5,0,"S"
"244",3,"male",22,0,0,7.125,0,"S"
"245",3,"male",30,0,0,7.225,0,"C"
"246",1,"male",44,2,0,90,0,"Q"
"247",3,"female",25,0,0,7.775,0,"S"
"248",2,"female",24,0,2,14.5,1,"S"
"249",1,"male",37,1,1,52.5542,1,"S"
"250",2,"male",54,1,0,26,0,"S"
"251",3,"male",22,0,0,7.25,0,"S"
"252",3,"female",29,1,1,10.4625,0,"S"
"253",1,"male",62,0,0,26.55,0,"S"
"254",3,"male",30,1,0,16.1,0,"S"
"255",3,"female",41,0,2,20.2125,0,"S"
"256",3,"female",29,0,2,15.2458,1,"C"
"257",1,"female",32,0,0,79.2,1,"C"
"258",1,"female",30,0,0,86.5,1,"S"
"259",1,"female",35,0,0,512.3292,1,"C"
"260",2,"female",50,0,1,26,1,"S"
"261",3,"male",51,0,0,7.75,0,"Q"
"262",3,"male",3,4,2,31.3875,1,"S"
"263",1,"male",52,1,1,79.65,0,"S"
"264",1,"male",40,0,0,0,0,"S"
"265",3,"female",25,0,0,7.75,0,"Q"
"266",2,"male",36,0,0,10.5,0,"S"
"267",3,"male",16,4,1,39.6875,0,"S"
"268",3,"male",25,1,0,7.775,1,"S"
"269",1,"female",58,0,1,153.4625,1,"S"
"270",1,"female",35,0,0,135.6333,1,"S"
"271",1,"male",56,0,0,31,0,"S"
"272",3,"male",25,0,0,0,1,"S"
"273",2,"female",41,0,1,19.5,1,"S"
"274",1,"male",37,0,1,29.7,0,"C"
"275",3,"female",22,0,0,7.75,1,"Q"
"276",1,"female",63,1,0,77.9583,1,"S"
"277",3,"female",45,0,0,7.75,0,"S"
"278",2,"male",30,0,0,0,0,"S"
"279",3,"male",7,4,1,29.125,0,"Q"
"280",3,"female",35,1,1,20.25,1,"S"
"281",3,"male",65,0,0,7.75,0,"Q"
"282",3,"male",28,0,0,7.8542,0,"S"
"283",3,"male",16,0,0,9.5,0,"S"
"284",3,"male",19,0,0,8.05,1,"S"
"285",1,"male",62,0,0,26,0,"S"
"286",3,"male",33,0,0,8.6625,0,"C"
"287",3,"male",30,0,0,9.5,1,"S"
"288",3,"male",22,0,0,7.8958,0,"S"
"289",2,"male",42,0,0,13,1,"S"
"290",3,"female",22,0,0,7.75,1,"Q"
"291",1,"female",26,0,0,78.85,1,"S"
"292",1,"female",19,1,0,91.0792,1,"C"
"293",2,"male",36,0,0,12.875,0,"C"
"294",3,"female",24,0,0,8.85,0,"S"
"295",3,"male",24,0,0,7.8958,0,"S"
"296",1,"male",45.5,0,0,27.7208,0,"C"
"297",3,"male",23.5,0,0,7.2292,0,"C"
"298",1,"female",2,1,2,151.55,0,"S"
"299",1,"male",40,0,0,30.5,1,"S"
"300",1,"female",50,0,1,247.5208,1,"C"
"301",3,"female",22,0,0,7.75,1,"Q"
"302",3,"male",25,2,0,23.25,1,"Q"
"303",3,"male",19,0,0,0,0,"S"
"304",2,"female",30,0,0,12.35,1,"Q"
"305",3,"male",24,0,0,8.05,0,"S"
"306",1,"male",0.92,1,2,151.55,1,"S"
"307",1,"female",30,0,0,110.8833,1,"C"
"308",1,"female",17,1,0,108.9,1,"C"
"309",2,"male",30,1,0,24,0,"C"
"310",1,"female",30,0,0,56.9292,1,"C"
"311",1,"female",24,0,0,83.1583,1,"C"
"312",1,"female",18,2,2,262.375,1,"C"
"313",2,"female",26,1,1,26,0,"S"
"314",3,"male",28,0,0,7.8958,0,"S"
"315",2,"male",43,1,1,26.25,0,"S"
"316",3,"female",26,0,0,7.8542,1,"S"
"317",2,"female",24,1,0,26,1,"S"
"318",2,"male",54,0,0,14,0,"S"
"319",1,"female",31,0,2,164.8667,1,"S"
"320",1,"female",40,1,1,134.5,1,"C"
"321",3,"male",22,0,0,7.25,0,"S"
"322",3,"male",27,0,0,7.8958,0,"S"
"323",2,"female",30,0,0,12.35,1,"Q"
"324",2,"female",22,1,1,29,1,"S"
"325",3,"male",9,8,2,69.55,0,"S"
"326",1,"female",36,0,0,135.6333,1,"C"
"327",3,"male",61,0,0,6.2375,0,"S"
"328",2,"female",36,0,0,13,1,"S"
"329",3,"female",31,1,1,20.525,1,"S"
"330",1,"female",16,0,1,57.9792,1,"C"
"331",3,"female",24,2,0,23.25,1,"Q"
"332",1,"male",45.5,0,0,28.5,0,"S"
"333",1,"male",38,0,1,153.4625,0,"S"
"334",3,"male",16,2,0,18,0,"S"
"335",1,"female",23,1,0,133.65,1,"S"
"336",3,"male",33,0,0,7.8958,0,"S"
"337",1,"male",29,1,0,66.6,0,"S"
"338",1,"female",41,0,0,134.5,1,"C"
"339",3,"male",45,0,0,8.05,1,"S"
"340",1,"male",45,0,0,35.5,0,"S"
"341",2,"male",2,1,1,26,1,"S"
"342",1,"female",24,3,2,263,1,"S"
"343",2,"male",28,0,0,13,0,"S"
"344",2,"male",25,0,0,13,0,"S"
"345",2,"male",36,0,0,13,0,"S"
"346",2,"female",24,0,0,13,1,"S"
"347",2,"female",40,0,0,13,1,"S"
"348",3,"female",19,1,0,16.1,1,"S"
"349",3,"male",3,1,1,15.9,1,"S"
"350",3,"male",42,0,0,8.6625,0,"S"
"351",3,"male",23,0,0,9.225,0,"S"
"352",1,"male",61,0,0,35,0,"S"
"353",3,"male",15,1,1,7.2292,0,"C"
"354",3,"male",25,1,0,17.8,0,"S"
"355",3,"male",30,0,0,7.225,0,"C"
"356",3,"male",28,0,0,9.5,0,"S"
"357",1,"female",22,0,1,55,1,"S"
"358",2,"female",38,0,0,13,0,"S"
"359",3,"female",26,0,0,7.8792,1,"Q"
"360",3,"female",26,0,0,7.8792,1,"Q"
"361",3,"male",40,1,4,27.9,0,"S"
"362",2,"male",29,1,0,27.7208,0,"C"
"363",3,"female",45,0,1,14.4542,0,"C"
"364",3,"male",35,0,0,7.05,0,"S"
"365",3,"male",30,1,0,15.5,0,"Q"
"366",3,"male",30,0,0,7.25,0,"S"
"367",1,"female",60,1,0,75.25,1,"C"
"368",3,"female",18,0,0,7.2292,1,"C"
"369",3,"female",22,0,0,7.75,1,"Q"
"370",1,"female",24,0,0,69.3,1,"C"
"371",1,"male",25,1,0,55.4417,1,"C"
"372",3,"male",18,1,0,6.4958,0,"S"
"373",3,"male",19,0,0,8.05,0,"S"
"374",1,"male",22,0,0,135.6333,0,"C"
"375",3,"female",3,3,1,21.075,0,"S"
"376",1,"female",52,1,0,82.1708,1,"C"
"377",3,"female",22,0,0,7.25,1,"S"
"378",1,"male",27,0,2,211.5,0,"C"
"379",3,"male",20,0,0,4.0125,0,"C"
"380",3,"male",19,0,0,7.775,0,"S"
"381",1,"female",42,0,0,227.525,1,"C"
"382",3,"female",1,0,2,15.7417,1,"C"
"383",3,"male",32,0,0,7.925,0,"S"
"384",1,"female",35,1,0,52,1,"S"
"385",3,"male",33,0,0,7.8958,0,"S"
"386",2,"male",18,0,0,73.5,0,"S"
"387",3,"male",1,5,2,46.9,0,"S"
"388",2,"female",36,0,0,13,1,"S"
"389",3,"male",51,0,0,7.7292,0,"Q"
"390",2,"female",17,0,0,12,1,"C"
"391",1,"male",36,1,2,120,1,"S"
"392",3,"male",21,0,0,7.7958,1,"S"
"393",3,"male",28,2,0,7.925,0,"S"
"394",1,"female",23,1,0,113.275,1,"C"
"395",3,"female",24,0,2,16.7,1,"S"
"396",3,"male",22,0,0,7.7958,0,"S"
"397",3,"female",31,0,0,7.8542,0,"S"
"398",2,"male",46,0,0,26,0,"S"
"399",2,"male",23,0,0,10.5,0,"S"
"400",2,"female",28,0,0,12.65,1,"S"
"401",3,"male",39,0,0,7.925,1,"S"
"402",3,"male",26,0,0,8.05,0,"S"
"403",3,"female",21,1,0,9.825,0,"S"
"404",3,"male",28,1,0,15.85,0,"S"
"405",3,"female",20,0,0,8.6625,0,"S"
"406",2,"male",34,1,0,21,0,"S"
"407",3,"male",51,0,0,7.75,0,"S"
"408",2,"male",3,1,1,18.75,1,"S"
"409",3,"male",21,0,0,7.775,0,"S"
"410",3,"female",8,3,1,25.4667,0,"S"
"411",3,"male",33,0,0,7.8958,0,"S"
"412",3,"male",24,0,0,6.8583,0,"Q"
"413",1,"female",33,1,0,90,1,"Q"
"414",2,"male",30,0,0,0,0,"S"
"415",3,"male",44,0,0,7.925,1,"S"
"416",3,"female",25,0,0,8.05,0,"S"
"417",2,"female",34,1,1,32.5,1,"S"
"418",2,"female",18,0,2,13,1,"S"
"419",2,"male",30,0,0,13,0,"S"
"420",3,"female",10,0,2,24.15,0,"S"
"421",3,"male",33,0,0,7.8958,0,"C"
"422",3,"male",21,0,0,7.7333,0,"Q"
"423",3,"male",29,0,0,7.875,0,"S"
"424",3,"female",28,1,1,14.4,0,"S"
"425",3,"male",18,1,1,20.2125,0,"S"
"426",3,"male",22,0,0,7.25,0,"S"
"427",2,"female",28,1,0,26,1,"S"
"428",2,"female",19,0,0,26,1,"S"
"429",3,"male",51,0,0,7.75,0,"Q"
"430",3,"male",32,0,0,8.05,1,"S"
"431",1,"male",28,0,0,26.55,1,"S"
"432",3,"female",19,1,0,16.1,1,"S"
"433",2,"female",42,1,0,26,1,"S"
"434",3,"male",17,0,0,7.125,0,"S"
"435",1,"male",50,1,0,55.9,0,"S"
"436",1,"female",14,1,2,120,1,"S"
"437",3,"female",21,2,2,34.375,0,"S"
"438",2,"female",24,2,3,18.75,1,"S"
"439",1,"male",64,1,4,263,0,"S"
"440",2,"male",31,0,0,10.5,0,"S"
"441",2,"female",45,1,1,26.25,1,"S"
"442",3,"male",20,0,0,9.5,0,"S"
"443",3,"male",25,1,0,7.775,0,"S"
"444",2,"female",28,0,0,13,1,"S"
"445",3,"male",19,0,0,8.1125,1,"S"
"446",1,"male",4,0,2,81.8583,1,"S"
"447",2,"female",13,0,1,19.5,1,"S"
"448",1,"male",34,0,0,26.55,1,"S"
"449",3,"female",5,2,1,19.2583,1,"C"
"450",1,"male",52,0,0,30.5,1,"S"
"451",2,"male",36,1,2,27.75,0,"S"
"452",3,"male",28,1,0,19.9667,0,"S"
"453",1,"male",30,0,0,27.75,0,"C"
"454",1,"male",49,1,0,89.1042,1,"C"
"455",3,"male",24,0,0,8.05,0,"S"
"456",3,"male",29,0,0,7.8958,1,"C"
"457",1,"male",65,0,0,26.55,0,"S"
"458",1,"female",35,1,0,51.8625,1,"S"
"459",2,"female",50,0,0,10.5,1,"S"
"460",3,"male",51,0,0,7.75,0,"Q"
"461",1,"male",48,0,0,26.55,1,"S"
"462",3,"male",34,0,0,8.05,0,"S"
"463",1,"male",47,0,0,38.5,0,"S"
"464",2,"male",48,0,0,13,0,"S"
"465",3,"male",24,0,0,8.05,0,"S"
"466",3,"male",38,0,0,7.05,0,"S"
"467",2,"male",30,0,0,0,0,"S"
"468",1,"male",56,0,0,26.55,0,"S"
"469",3,"male",51,0,0,7.725,0,"Q"
"470",3,"female",0.75,2,1,19.2583,1,"C"
"471",3,"male",22,0,0,7.25,0,"S"
"472",3,"male",38,0,0,8.6625,0,"S"
"473",2,"female",33,1,2,27.75,1,"S"
"474",2,"female",23,0,0,13.7917,1,"C"
"475",3,"female",22,0,0,9.8375,0,"S"
"476",1,"male",47,0,0,52,0,"S"
"477",2,"male",34,1,0,21,0,"S"
"478",3,"male",29,1,0,7.0458,0,"S"
"479",3,"male",22,0,0,7.5208,0,"S"
"480",3,"female",2,0,1,12.2875,1,"S"
"481",3,"male",9,5,2,46.9,0,"S"
"482",2,"male",30,0,0,0,0,"S"
"483",3,"male",50,0,0,8.05,0,"S"
"484",3,"female",63,0,0,9.5875,1,"S"
"485",1,"male",25,1,0,91.0792,1,"C"
"486",3,"female",8,3,1,25.4667,0,"S"
"487",1,"female",35,1,0,90,1,"S"
"488",1,"male",58,0,0,29.7,0,"C"
"489",3,"male",30,0,0,8.05,0,"S"
"490",3,"male",9,1,1,15.9,1,"S"
"491",3,"male",28,1,0,19.9667,0,"S"
"492",3,"male",21,0,0,7.25,0,"S"
"493",1,"male",55,0,0,30.5,0,"S"
"494",1,"male",71,0,0,49.5042,0,"C"
"495",3,"male",21,0,0,8.05,0,"S"
"496",3,"male",19,0,0,14.4583,0,"C"
"497",1,"female",54,1,0,78.2667,1,"C"
"498",3,"male",19,0,0,15.1,0,"S"
"499",1,"female",25,1,2,151.55,0,"S"
"500",3,"male",24,0,0,7.7958,0,"S"
"501",3,"male",17,0,0,8.6625,0,"S"
"502",3,"female",21,0,0,7.75,0,"Q"
"503",3,"female",25,0,0,7.6292,0,"Q"
"504",3,"female",37,0,0,9.5875,0,"S"
"505",1,"female",16,0,0,86.5,1,"S"
"506",1,"male",18,1,0,108.9,0,"C"
"507",2,"female",33,0,2,26,1,"S"
"508",1,"male",35,0,0,26.55,1,"S"
"509",3,"male",28,0,0,22.525,0,"S"
"510",3,"male",26,0,0,56.4958,1,"S"
"511",3,"male",29,0,0,7.75,1,"Q"
"512",3,"male",24,0,0,8.05,0,"S"
"513",1,"male",36,0,0,26.2875,1,"S"
"514",1,"female",54,1,0,59.4,1,"C"
"515",3,"male",24,0,0,7.4958,0,"S"
"516",1,"male",47,0,0,34.0208,0,"S"
"517",2,"female",34,0,0,10.5,1,"S"
"518",3,"male",28,0,0,24.15,0,"Q"
"519",2,"female",36,1,0,26,1,"S"
"520",3,"male",32,0,0,7.8958,0,"S"
"521",1,"female",30,0,0,93.5,1,"S"
"522",3,"male",22,0,0,7.8958,0,"S"
"523",3,"male",30,0,0,7.225,0,"C"
"524",1,"female",44,0,1,57.9792,1,"C"
"525",3,"male",28.5,0,0,7.2292,0,"C"
"526",3,"male",40.5,0,0,7.75,0,"Q"
"527",2,"female",50,0,0,10.5,1,"S"
"528",1,"male",24,0,0,221.7792,0,"S"
"529",3,"male",39,0,0,7.925,0,"S"
"530",2,"male",23,2,1,11.5,0,"S"
"531",2,"female",2,1,1,26,1,"S"
"532",3,"male",28.5,0,0,7.2292,0,"C"
"533",3,"male",17,1,1,7.2292,0,"C"
"534",3,"female",24,0,2,22.3583,1,"C"
"535",3,"female",30,0,0,8.6625,0,"S"
"536",2,"female",7,0,2,26.25,1,"S"
"537",1,"male",45,0,0,26.55,0,"S"
"538",1,"female",30,0,0,106.425,1,"C"
"539",3,"male",19,0,0,14.5,0,"S"
"540",1,"female",22,0,2,49.5,1,"C"
"541",1,"female",36,0,2,71,1,"S"
"542",3,"female",9,4,2,31.275,0,"S"
"543",3,"female",11,4,2,31.275,0,"S"
"544",2,"male",32,1,0,26,1,"S"
"545",1,"male",50,1,0,106.425,0,"C"
"546",1,"male",64,0,0,26,0,"S"
"547",2,"female",19,1,0,26,1,"S"
"548",2,"male",34,0,0,13.8625,1,"C"
"549",3,"male",33,1,1,20.525,0,"S"
"550",2,"male",8,1,1,36.75,1,"S"
"551",1,"male",17,0,2,110.8833,1,"C"
"552",2,"male",27,0,0,26,0,"S"
"553",3,"male",21,0,0,7.8292,0,"Q"
"554",3,"male",22,0,0,7.225,1,"C"
"555",3,"female",22,0,0,7.775,1,"S"
"556",1,"male",62,0,0,26.55,0,"S"
"557",1,"female",48,1,0,39.6,1,"C"
"558",1,"male",24,0,0,227.525,0,"C"
"559",1,"female",39,1,1,79.65,1,"S"
"560",3,"female",36,1,0,17.4,1,"S"
"561",3,"male",51,0,0,7.75,0,"Q"
"562",3,"male",40,0,0,7.8958,0,"S"
"563",2,"male",28,0,0,13.5,0,"S"
"564",3,"male",24,0,0,8.05,0,"S"
"565",3,"female",25,0,0,8.05,0,"S"
"566",3,"male",24,2,0,24.15,0,"S"
"567",3,"male",19,0,0,7.8958,0,"S"
"568",3,"female",29,0,4,21.075,0,"S"
"569",3,"male",28.5,0,0,7.2292,0,"C"
"570",3,"male",32,0,0,7.8542,1,"S"
"571",2,"male",62,0,0,10.5,1,"S"
"572",1,"female",53,2,0,51.4792,1,"S"
"573",1,"male",36,0,0,26.3875,1,"S"
"574",3,"female",22,0,0,7.75,1,"Q"
"575",3,"male",16,0,0,8.05,0,"S"
"576",3,"male",19,0,0,14.5,0,"S"
"577",2,"female",34,0,0,13,1,"S"
"578",1,"female",39,1,0,55.9,1,"S"
"579",3,"female",26,1,0,14.4583,0,"C"
"580",3,"male",32,0,0,7.925,1,"S"
"581",2,"female",25,1,1,30,1,"S"
"582",1,"female",39,1,1,110.8833,1,"C"
"583",2,"male",54,0,0,26,0,"S"
"584",1,"male",36,0,0,40.125,0,"C"
"585",3,"male",33,0,0,8.7125,0,"C"
"586",1,"female",18,0,2,79.65,1,"S"
"587",2,"male",47,0,0,15,0,"S"
"588",1,"male",60,1,1,79.2,1,"C"
"589",3,"male",22,0,0,8.05,0,"S"
"590",3,"male",24,0,0,8.05,0,"S"
"591",3,"male",35,0,0,7.125,0,"S"
"592",1,"female",52,1,0,78.2667,1,"C"
"593",3,"male",47,0,0,7.25,0,"S"
"594",3,"female",18,0,2,7.75,0,"Q"
"595",2,"male",37,1,0,26,0,"S"
"596",3,"male",36,1,1,24.15,0,"S"
"597",2,"female",35,0,0,33,1,"S"
"598",3,"male",49,0,0,0,0,"S"
"599",3,"male",30,0,0,7.225,0,"C"
"600",1,"male",49,1,0,56.9292,1,"C"
"601",2,"female",24,2,1,27,1,"S"
"602",3,"male",33,0,0,7.8958,0,"S"
"603",1,"male",45,0,0,42.4,0,"S"
"604",3,"male",44,0,0,8.05,0,"S"
"605",1,"male",35,0,0,26.55,1,"C"
"606",3,"male",36,1,0,15.55,0,"S"
"607",3,"male",30,0,0,7.8958,0,"S"
"608",1,"male",27,0,0,30.5,1,"S"
"609",2,"female",22,1,2,41.5792,1,"C"
"610",1,"female",40,0,0,153.4625,1,"S"
"611",3,"female",39,1,5,31.275,0,"S"
"612",3,"male",25,0,0,7.05,0,"S"
"613",3,"female",19,1,0,15.5,1,"Q"
"614",3,"male",51,0,0,7.75,0,"Q"
"615",3,"male",35,0,0,8.05,0,"S"
"616",2,"female",24,1,2,65,1,"S"
"617",3,"male",34,1,1,14.4,0,"S"
"618",3,"female",26,1,0,16.1,0,"S"
"619",2,"female",4,2,1,39,1,"S"
"620",2,"male",26,0,0,10.5,0,"S"
"621",3,"male",27,1,0,14.4542,0,"C"
"622",1,"male",42,1,0,52.5542,1,"S"
"623",3,"male",20,1,1,15.7417,1,"C"
"624",3,"male",21,0,0,7.8542,0,"S"
"625",3,"male",21,0,0,16.1,0,"S"
"626",1,"male",61,0,0,32.3208,0,"S"
"627",2,"male",57,0,0,12.35,0,"Q"
"628",1,"female",21,0,0,77.9583,1,"S"
"629",3,"male",26,0,0,7.8958,0,"S"
"630",3,"male",51,0,0,7.7333,0,"Q"
"631",1,"male",80,0,0,30,1,"S"
"632",3,"male",51,0,0,7.0542,0,"S"
"633",1,"male",32,0,0,30.5,1,"C"
"634",1,"male",39,0,0,0,0,"S"
"635",3,"female",9,3,2,27.9,0,"S"
"636",2,"female",28,0,0,13,1,"S"
"637",3,"male",32,0,0,7.925,0,"S"
"638",2,"male",31,1,1,26.25,0,"S"
"639",3,"female",41,0,5,39.6875,0,"S"
"640",3,"male",30,1,0,16.1,0,"S"
"641",3,"male",20,0,0,7.8542,0,"S"
"642",1,"female",24,0,0,69.3,1,"C"
"643",3,"female",2,3,2,27.9,0,"S"
"644",3,"male",29,0,0,56.4958,1,"S"
"645",3,"female",0.75,2,1,19.2583,1,"C"
"646",1,"male",48,1,0,76.7292,1,"C"
"647",3,"male",19,0,0,7.8958,0,"S"
"648",1,"male",56,0,0,35.5,1,"C"
"649",3,"male",25,0,0,7.55,0,"S"
"650",3,"female",23,0,0,7.55,1,"S"
"651",3,"male",33,0,0,7.8958,0,"S"
"652",2,"female",18,0,1,23,1,"S"
"653",3,"male",21,0,0,8.4333,0,"S"
"654",3,"female",22,0,0,7.8292,1,"Q"
"655",3,"female",18,0,0,6.75,0,"Q"
"656",2,"male",24,2,0,73.5,0,"S"
"657",3,"male",33,0,0,7.8958,0,"S"
"658",3,"female",32,1,1,15.5,0,"Q"
"659",2,"male",23,0,0,13,0,"S"
"660",1,"male",58,0,2,113.275,0,"C"
"661",1,"male",50,2,0,133.65,1,"S"
"662",3,"male",40,0,0,7.225,0,"C"
"663",1,"male",47,0,0,25.5875,0,"S"
"664",3,"male",36,0,0,7.4958,0,"S"
"665",3,"male",20,1,0,7.925,1,"S"
"666",2,"male",32,2,0,73.5,0,"S"
"667",2,"male",25,0,0,13,0,"S"
"668",3,"male",21,0,0,7.775,0,"S"
"669",3,"male",43,0,0,8.05,0,"S"
"670",1,"female",35,1,0,52,1,"S"
"671",2,"female",40,1,1,39,1,"S"
"672",1,"male",31,1,0,52,0,"S"
"673",2,"male",70,0,0,10.5,0,"S"
"674",2,"male",31,0,0,13,1,"S"
"675",2,"male",30,0,0,0,0,"S"
"676",3,"male",18,0,0,7.775,0,"S"
"677",3,"male",24.5,0,0,8.05,0,"S"
"678",3,"female",18,0,0,9.8417,1,"S"
"679",3,"female",43,1,6,46.9,0,"S"
"680",1,"male",36,0,1,512.3292,1,"C"
"681",3,"female",25,0,0,8.1375,0,"Q"
"682",1,"male",27,0,0,76.7292,1,"C"
"683",3,"male",20,0,0,9.225,0,"S"
"684",3,"male",14,5,2,46.9,0,"S"
"685",2,"male",60,1,1,39,0,"S"
"686",2,"male",25,1,2,41.5792,0,"C"
"687",3,"male",14,4,1,39.6875,0,"S"
"688",3,"male",19,0,0,10.1708,0,"S"
"689",3,"male",18,0,0,7.7958,0,"S"
"690",1,"female",15,0,1,211.3375,1,"S"
"691",1,"male",31,1,0,57,1,"S"
"692",3,"female",4,0,1,13.4167,1,"C"
"693",3,"male",29,0,0,56.4958,1,"S"
"694",3,"male",25,0,0,7.225,0,"C"
"695",1,"male",60,0,0,26.55,0,"S"
"696",2,"male",52,0,0,13.5,0,"S"
"697",3,"male",44,0,0,8.05,0,"S"
"698",3,"female",22,0,0,7.7333,1,"Q"
"699",1,"male",49,1,1,110.8833,0,"C"
"700",3,"male",42,0,0,7.65,0,"S"
"701",1,"female",18,1,0,227.525,1,"C"
"702",1,"male",35,0,0,26.2875,1,"S"
"703",3,"female",18,0,1,14.4542,0,"C"
"704",3,"male",25,0,0,7.7417,0,"Q"
"705",3,"male",26,1,0,7.8542,0,"S"
"706",2,"male",39,0,0,26,0,"S"
"707",2,"female",45,0,0,13.5,1,"S"
"708",1,"male",42,0,0,26.2875,1,"S"
"709",1,"female",22,0,0,151.55,1,"S"
"710",3,"male",6,1,1,15.2458,1,"C"
"711",1,"female",24,0,0,49.5042,1,"C"
"712",1,"male",62,0,0,26.55,0,"S"
"713",1,"male",48,1,0,52,1,"S"
"714",3,"male",29,0,0,9.4833,0,"S"
"715",2,"male",52,0,0,13,0,"S"
"716",3,"male",19,0,0,7.65,0,"S"
"717",1,"female",38,0,0,227.525,1,"C"
"718",2,"female",27,0,0,10.5,1,"S"
"719",3,"male",19,0,0,15.5,0,"Q"
"720",3,"male",33,0,0,7.775,0,"S"
"721",2,"female",6,0,1,33,1,"S"
"722",3,"male",17,1,0,7.0542,0,"S"
"723",2,"male",34,0,0,13,0,"S"
"724",2,"male",50,0,0,13,0,"S"
"725",1,"male",27,1,0,53.1,1,"S"
"726",3,"male",20,0,0,8.6625,0,"S"
"727",2,"female",30,3,0,21,1,"S"
"728",3,"female",22,0,0,7.7375,1,"Q"
"729",2,"male",25,1,0,26,0,"S"
"730",3,"female",25,1,0,7.925,0,"S"
"731",1,"female",29,0,0,211.3375,1,"S"
"732",3,"male",11,0,0,18.7875,0,"C"
"733",2,"male",30,0,0,0,0,"S"
"734",2,"male",23,0,0,13,0,"S"
"735",2,"male",23,0,0,13,0,"S"
"736",3,"male",28.5,0,0,16.1,0,"S"
"737",3,"female",48,1,3,34.375,0,"S"
"738",1,"male",35,0,0,512.3292,1,"C"
"739",3,"male",33,0,0,7.8958,0,"S"
"740",3,"male",33,0,0,7.8958,0,"S"
"741",1,"male",32,0,0,30,1,"S"
"742",1,"male",36,1,0,78.85,0,"S"
"743",1,"female",21,2,2,262.375,1,"C"
"744",3,"male",24,1,0,16.1,0,"S"
"745",3,"male",31,0,0,7.925,1,"S"
"746",1,"male",70,1,1,71,0,"S"
"747",3,"male",16,1,1,20.25,0,"S"
"748",2,"female",30,0,0,13,1,"S"
"749",1,"male",19,1,0,53.1,0,"S"
"750",3,"male",31,0,0,7.75,0,"Q"
"751",2,"female",4,1,1,23,1,"S"
"752",3,"male",6,0,1,12.475,1,"S"
"753",3,"male",33,0,0,9.5,0,"S"
"754",3,"male",23,0,0,7.8958,0,"S"
"755",2,"female",48,1,2,65,1,"S"
"756",2,"male",0.67,1,1,14.5,1,"S"
"757",3,"male",28,0,0,7.7958,0,"S"
"758",2,"male",18,0,0,11.5,0,"S"
"759",3,"male",34,0,0,8.05,0,"S"
"760",1,"female",33,0,0,86.5,1,"S"
"761",3,"male",19,0,0,14.5,0,"S"
"762",3,"male",41,0,0,7.125,0,"S"
"763",3,"male",20,0,0,7.2292,1,"C"
"764",1,"female",36,1,2,120,1,"S"
"765",3,"male",16,0,0,7.775,0,"S"
"766",1,"female",51,1,0,77.9583,1,"S"
"767",1,"male",47,0,0,39.6,0,"C"
"768",3,"female",30.5,0,0,7.75,0,"Q"
"769",3,"male",28,1,0,24.15,0,"Q"
"770",3,"male",32,0,0,8.3625,0,"S"
"771",3,"male",24,0,0,9.5,0,"S"
"772",3,"male",48,0,0,7.8542,0,"S"
"773",2,"female",57,0,0,10.5,0,"S"
"774",3,"male",30,0,0,7.225,0,"C"
"775",2,"female",54,1,3,23,1,"S"
"776",3,"male",18,0,0,7.75,0,"S"
"777",3,"male",51,0,0,7.75,0,"Q"
"778",3,"female",5,0,0,12.475,1,"S"
"779",3,"male",51,0,0,7.7375,0,"Q"
"780",1,"female",43,0,1,211.3375,1,"S"
"781",3,"female",13,0,0,7.2292,1,"C"
"782",1,"female",17,1,0,57,1,"S"
"783",1,"male",29,0,0,30,0,"S"
"784",3,"male",33,1,2,23.45,0,"S"
"785",3,"male",25,0,0,7.05,0,"S"
"786",3,"male",25,0,0,7.25,0,"S"
"787",3,"female",18,0,0,7.4958,1,"S"
"788",3,"male",8,4,1,29.125,0,"Q"
"789",3,"male",1,1,2,20.575,1,"S"
"790",1,"male",46,0,0,79.2,0,"C"
"791",3,"male",51,0,0,7.75,0,"Q"
"792",2,"male",16,0,0,26,0,"S"
"793",3,"female",9,8,2,69.55,0,"S"
"794",1,"male",56,0,0,30.6958,0,"C"
"795",3,"male",25,0,0,7.8958,0,"S"
"796",2,"male",39,0,0,13,0,"S"
"797",1,"female",49,0,0,25.9292,1,"S"
"798",3,"female",31,0,0,8.6833,1,"S"
"799",3,"male",30,0,0,7.2292,0,"C"
"800",3,"female",30,1,1,24.15,0,"S"
"801",2,"male",34,0,0,13,0,"S"
"802",2,"female",31,1,1,26.25,1,"S"
"803",1,"male",11,1,2,120,1,"S"
"804",3,"male",0.42,0,1,8.5167,1,"C"
"805",3,"male",27,0,0,6.975,1,"S"
"806",3,"male",31,0,0,7.775,0,"S"
"807",1,"male",39,0,0,0,0,"S"
"808",3,"female",18,0,0,7.775,0,"S"
"809",2,"male",39,0,0,13,0,"S"
"810",1,"female",33,1,0,53.1,1,"S"
"811",3,"male",26,0,0,7.8875,0,"S"
"812",3,"male",39,0,0,24.15,0,"S"
"813",2,"male",35,0,0,10.5,0,"S"
"814",3,"female",6,4,2,31.275,0,"S"
"815",3,"male",30.5,0,0,8.05,0,"S"
"816",1,"male",39,0,0,0,0,"S"
"817",3,"female",23,0,0,7.925,0,"S"
"818",2,"male",31,1,1,37.0042,0,"C"
"819",3,"male",43,0,0,6.45,0,"S"
"820",3,"male",10,3,2,27.9,0,"S"
"821",1,"female",52,1,1,93.5,1,"S"
"822",3,"male",27,0,0,8.6625,1,"S"
"823",1,"male",38,0,0,0,0,"S"
"824",3,"female",27,0,1,12.475,1,"S"
"825",3,"male",2,4,1,39.6875,0,"S"
"826",3,"male",35,0,0,6.95,0,"Q"
"827",3,"male",28,0,0,56.4958,0,"S"
"828",2,"male",1,0,2,37.0042,1,"C"
"829",3,"male",29,0,0,7.75,1,"Q"
"830",1,"female",62,0,0,80,1,"S"
"831",3,"female",15,1,0,14.4542,1,"C"
"832",2,"male",0.83,1,1,18.75,1,"S"
"833",3,"male",28.5,0,0,7.2292,0,"C"
"834",3,"male",23,0,0,7.8542,0,"S"
"835",3,"male",18,0,0,8.3,0,"S"
"836",1,"female",39,1,1,83.1583,1,"C"
"837",3,"male",21,0,0,8.6625,0,"S"
"838",3,"male",24,0,0,8.05,0,"S"
"839",3,"male",32,0,0,56.4958,1,"S"
"840",1,"male",32,0,0,29.7,1,"C"
"841",3,"male",20,0,0,7.925,0,"S"
"842",2,"male",16,0,0,10.5,0,"S"
"843",1,"female",30,0,0,31,1,"C"
"844",3,"male",34.5,0,0,6.4375,0,"C"
"845",3,"male",17,0,0,8.6625,0,"S"
"846",3,"male",42,0,0,7.55,0,"S"
"847",3,"male",9,8,2,69.55,0,"S"
"848",3,"male",35,0,0,7.8958,0,"C"
"849",2,"male",28,0,1,33,0,"S"
"850",1,"female",35,1,0,89.1042,1,"C"
"851",3,"male",4,4,2,31.275,0,"S"
"852",3,"male",74,0,0,7.775,0,"S"
"853",3,"female",9,1,1,15.2458,0,"C"
"854",1,"female",16,0,1,39.4,1,"S"
"855",2,"female",44,1,0,26,0,"S"
"856",3,"female",18,0,1,9.35,1,"S"
"857",1,"female",45,1,1,164.8667,1,"S"
"858",1,"male",51,0,0,26.55,1,"S"
"859",3,"female",24,0,3,19.2583,1,"C"
"860",3,"male",28.5,0,0,7.2292,0,"C"
"861",3,"male",41,2,0,14.1083,0,"S"
"862",2,"male",21,1,0,11.5,0,"S"
"863",1,"female",48,0,0,25.9292,1,"S"
"864",3,"female",9,8,2,69.55,0,"S"
"865",2,"male",24,0,0,13,0,"S"
"866",2,"female",42,0,0,13,1,"S"
"867",2,"female",27,1,0,13.8583,1,"C"
"868",1,"male",31,0,0,50.4958,0,"S"
"869",3,"male",28,0,0,9.5,0,"S"
"870",3,"male",4,1,1,11.1333,1,"S"
"871",3,"male",26,0,0,7.8958,0,"S"
"872",1,"female",47,1,1,52.5542,1,"S"
"873",1,"male",33,0,0,5,0,"S"
"874",3,"male",47,0,0,9,0,"S"
"875",2,"female",28,1,0,24,1,"C"
"876",3,"female",15,0,0,7.225,1,"C"
"877",3,"male",20,0,0,9.8458,0,"S"
"878",3,"male",19,0,0,7.8958,0,"S"
"879",3,"male",33,0,0,7.8958,0,"S"
"880",1,"female",56,0,1,83.1583,1,"C"
"881",2,"female",25,0,1,26,1,"S"
"882",3,"male",33,0,0,7.8958,0,"S"
"883",3,"female",22,0,0,10.5167,0,"S"
"884",2,"male",28,0,0,10.5,0,"S"
"885",3,"male",25,0,0,7.05,0,"S"
"886",3,"female",39,0,5,29.125,0,"Q"
"887",2,"male",27,0,0,13,0,"S"
"888",1,"female",19,0,0,30,1,"S"
"889",3,"female",21,1,2,23.45,0,"S"
"890",1,"male",26,0,0,30,1,"C"
"891",3,"male",32,0,0,7.75,0,"Q"
